url,contact form url
park15.wakwak.com,https://www.wakwak.com/prl/support/help/index.html
www.castplus.co.jp,https://sparkle-caster.jp/deta/contact
mit-consul.com,http://mit-consul.com/mailfoam.php
946jp.com,http://946jp.com/dmotion/#form_box
baycrea.jp,http://baycrea.jp/05.html
apollon-groups.com,http://www.apollon-groups.com/form2.html
mejiroya.com,http://mejiroya.com/pc-contact.html
freedom.ne.jp,http://freedom.ne.jp/_site/inquiry
digitalresource-agent.com,http://digitalresource-agent.com/consulting.html
kobayashi-dw.com,http://kobayashi-dw.com/%e3%81%8a%e5%95%8f%e3%81%84%e5%90%88%e3%82%8f%e3%81%9b/
officejune.com,http://officejune.com/toiawase.html
s-designworks.com,http://s-designworks.com/FormMail/sdwinquiry2/FormMail.html
sky-plant.com,http://sky-plant.com/ver7/
jpmit.com,http://wp.jpmit.com/?page_id=5377
cam.hi-ho.ne.jp,http://www.cam.hi-ho.ne.jp/misaki/#mail
drivingproject.jp,http://www.drivingproject.jp/web/contact.html
from-thirty.co.jp,http://www.from-thirty.co.jp/mail/postmail.html
rhizome.jp,http://www.rhizome.jp/toiawase/rhizome_toiawase.html
toyo84.net,http://www.toyo84.net/sk/mail-new/mail.htm
10-5.jp,https://10-5.jp/form.php
buildcore.biz,https://1lejend.com/stepmail/kd.php?no=UgUIRnMAA
a-l-p.jp,https://a-l-p.jp/%e3%81%8a%e5%95%8f%e3%81%84%e5%90%88%e3%82%8f%e3%81%9b/
ante.co.jp,https://ante.co.jp/form/other_ny.html
planet.boo.jp,https://boo-planet.ssl-lolipop.jp/web/mailform/index.php
chicabi.jp,https://chicabi.jp/contact
dtmdee.jp,https://dtmdee.jp/DESiGN/
enable-studio.com,https://enable-studio.com/?page_id=324
esystem-jp.com,https://esystem.jp/inquiry/
fit-jp.com,https://fit-jp.com/contact/partnerinquiry/
groverdesign.jp,https://groverdesign.jp/blog/contact
impact-h.co.jp,https://impact-h.jp/contact/corporation/
info-lab.jp,https://info-lab.jp/contactform/
newwave.vn,https://jp.newwave.vn/contact-us/
kmioffice.jp,https://kmi-design-office.jp/contact/
kxkweb.jp,https://kxkweb.jp/contact/
labohan.com,https://labohan.com/otoiawase.html
miyabi-art.net,https://miyabi-art.net/postmail-utf/form.html
ovic-okinawa.com,https://ovic-okinawa.com/contact02/
akitakomachi.net,https://pro.form-mailer.jp/fms/ef0cfda668298
rin-design.co.jp,https://rin-design.co.jp/mailfom/
sacreoiseaux.com,https://sacreo.net/contacts.html
sincerejp.com,https://sincerejp.com/mail/
10man-doc.jp,https://ssl.10man-doc.co.jp/contact/
vow.co.jp,https://ssl.form-mailer.jp/fms/9509e3dd103420
technotree.com,https://support.technotree.co.jp/techno_support/?_ga=2.24549370.1110889747.1637151341-1756145757.1637151341
underson.com,https://underson.com/kontakt
web-eyenet.com,https://web-eyenet.com/seo2/contact.html
west-one.org,https://westage-japan.com/index.html#mail
win-valley.com,https://win-valley.com/web/toiawase/
offarts.co.jp,https://ws.formzu.net/fgen/S65525031/
0004s.com,https://www.0004s.com/contact
0510office.co.jp,https://www.0510office.co.jp/contact/
2ndside.co.jp,https://www.2ndside.co.jp/contact.html
alba-ren.com,https://www.alba-ren.com/home/otoiawase.html
assist-c.jp,https://www.assist-c.jp/contact.html
cerf-web.fr,https://www.cerf-web.fr/ja/contact.php?ref=1
cinra.co.jp,https://www.cinra.co.jp/contact
dezainya.com,https://www.dezainya.com/hp_mail.html
estrellasmile.com,https://www.estrellasworks.co.jp/
hitoiroweb.com,https://www.hitoiroweb.com/contact-us/
iruka-system.co.jp,https://www.iruka-system.co.jp/query
jadinc.jp,https://www.jadinc.jp/jadhpnew/contact.html
jbca.co.jp,https://www.jbca.co.jp/contact/
kobou-shibaken.com,https://www.kobou-shibaken.com/postmail/utf.html
koshicon.com,https://www.koshicon.com/contact
m-y-p.com,https://www.m-y-p.com/homepage/cgi-mail/
marss.co.jp,https://www.marss.co.jp/corp_contact/
mrp-net.co.jp,https://www.mrp-net.co.jp/contact/index.html
nakayo.co.jp,https://www.nakayo.co.jp/inquiry/index.html
ndeco.jp,https://www.ndeco.jp/getintouch.html
o-rangeworks.com,https://www.o-rangeworks.com/contact/sformmail.html
o-seven.co.jp,https://www.o-seven.co.jp/?itemid=1531
one-x.co.jp,https://www.one-x.co.jp/contact/
pandacompany.net,https://www.pandacompany.net/
pepex.jp,https://www.pepex.co.jp/inquiry/
pionero.io,https://www.pionero.io/ja/contact/
realsys.co.jp,https://www.realsys.co.jp/contact/
ryuumu.co.jp,https://www.ryuumu.co.jp/form/esimate.html
s2factory.co.jp,https://www.s2factory.co.jp/contact
sezax.co.jp,https://www.sezax.co.jp/inquiry/
t3design.co.jp,https://www.t3design.co.jp/contact/
tip3s.com,https://www.tip3s.com/
uriup.com,https://www.uriup.com/contact.html
visualart.jp,https://www.visualart.jp/c-estimate/?pagetitle=%E3%83%9B%E3%83%BC%E3%83%A0%E3%83%9A%E3%83%BC%E3%82%B8%E5%88%B6%E4%BD%9C%E3%83%BB%E3%83%96%E3%83%A9%E3%83%B3%E3%83%87%E3%82%A3%E3%83%B3%E3%82%B0%E3%83%87%E3%82%B6%E3%82%A4%E3%83%B3%E4%BA%8B%E5%8B%99%E6%89%80+visual+art%28%E5%8D%83%E8%91%89%29_header
webmarutaka.com,https://www.webmarutaka.com/cgi-bin/contact.cgi
goq.co.jp,https://goq.co.jp/inquiry
echoldings.co.jp,https://www.ec-h.co.jp/contact/
j-wavei.jp,https://www.j-wavei.jp/contact.html
jcos.jp,https://jcos.jp/form/contact/
jma-group.co.jp,https://www.jma-group.co.jp/contact/
attendbiz.jp,https://attendbiz.jp/consultation-contact/
magic-plus.net,https://magic-plus.net/contact
mole-inc.co,https://mole-inc.co/contact
onelife-net.com,https://onelife-net.com/page_28.html
veteransjapan.com,https://veteransjapan.com/contact.html
aster-inc.co.jp,http://aster-inc.co.jp/email/
ajo.co.jp,http://www.ajo.co.jp/ajo_mail
appirits.com,https://appirits.com/inquiry/contact?contact_type=all
ailife2003.com,https://www.aflat.com/web3/contact/
all-appreciate.com,https://www.all-appreciate.com/contact/contact.html
iwill-03.jp,https://www.iwill-03.jp/form2/index.html
isfnet.co.jp,https://business.form-mailer.jp/fms/79d7abb919812
alnw.co.jp,http://alnw.co.jp/inquiry/
ispace-net.com,http://ispace-net.com/hp-toiawse.html
from-thirty.co.jp,http://www.from-thirty.co.jp/mail/postmail.html
catch-the-web.com,https://www.catch-the-web.com/contact/?ref=ctw-header
blessroad.co.jp,https://www.blessroad.co.jp/support/contact.html
estrellasworks.co.jp,https://www.estrellasworks.co.jp/
